<?xml version='1.0' encoding='utf-8' standalone='yes' ?>
<map>
    <long name="fire-count" value="1" />
    <string name="last-used-date">2025-11-12</string>
    <long name="fire-global" value="1762973362954" />
    <set name="kotlin/2.0.21 android-min-sdk/29 fire-cls/18.6.4 fire-analytics/21.3.0 android-installer/ fire-sessions/1.2.4 fire-cls-ndk/18.6.4 fire-core-ktx/20.4.2 fire-core/20.4.2 fire-android/35 device-name/lineage_sweet fire-iid/20.1.6 fire-installations/17.2.0 android-target-sdk/39 android-platform/ fire-transport/18.1.8 fire-fcm/20.1.6 device-brand/Xiaomi device-model/sweetin">
        <string>2025-11-12</string>
    </set>
</map>
