{"Fid":"c1BuzPKjQlmGML-i-u2LPs","Status":3,"RefreshToken":"3_AS3qfwKAk_n7P_NIVuS8jxEFkFULoT_abRg3z5KX3G9N3RYrerTaV0UsyGkY7y-exzUC7fmENMpAF4TwuhSDDGWZxl_F9tBivWeLUYFlrRibiw","AuthToken":"eyJhbGciOiJFUzI1NiIsInR5cCI6IkpXVCJ9.eyJhcHBJZCI6IjE6MzY3MjY5MDA4OTg2OmFuZHJvaWQ6NzliMWNhNTQ5NTQxMTEyNCIsImV4cCI6MTc2MzU4MTQ2NSwiZmlkIjoiYzFCdXpQS2pRbG1HTUwtaS11MkxQcyIsInByb2plY3ROdW1iZXIiOjM2NzI2OTAwODk4Nn0.AB2LPV8wRAIgPXWdBIjWoYpWkToDuJkjdWnlIPq_Q7NDq0eKQt37Cy4CIFin9tnpFOqmQZxvXgkvjz0gsfgCIfkVNH_I2Dl38eW8","TokenCreationEpochInSecs":1762976665,"ExpiresInSecs":604800}