{"Fid":"e5nW3k3DRSShov_Hn8K51S","Status":3,"RefreshToken":"3_AS3qfwLm-aZeuSthxvg21zHUD1WUJJ_mPIi6QkhWMMvph3NDuG2r9OSBgVjJd4lOm1eRd0k9n0iWXggiSyIwEzDF94a9EBHuzzA_CfVsLRkRzI8","AuthToken":"eyJhbGciOiJFUzI1NiIsInR5cCI6IkpXVCJ9.eyJhcHBJZCI6IjE6MzY3MjY5MDA4OTg2OmFuZHJvaWQ6NzliMWNhNTQ5NTQxMTEyNCIsImV4cCI6MTc1NjM1MTI2NiwiZmlkIjoiZTVuVzNrM0RSU1Nob3ZfSG44SzUxUyIsInByb2plY3ROdW1iZXIiOjM2NzI2OTAwODk4Nn0.AB2LPV8wRQIhAJUcIFM4raZvTUkUJw1Kgulkmp7LS1ZblQ4yRb1PouKzAiBZEMgGTeAbZLWRrKpA2KtM4j3nAURWEIu_ESxcQB6fQQ","TokenCreationEpochInSecs":1755746466,"ExpiresInSecs":604800}