{"Fid":"fEz4yOrIRveOldKoK5ETJw","Status":3,"RefreshToken":"3_AS3qfwItqbl9P51UXwsnouADaV1W_zfvl-domzlprtzqDo6GNz3QIkdHOmyW4ti3iOrds_DdLI4KU-gmYEk90rMb7xGF67fgaQzUlAscGJ0CmA","AuthToken":"eyJhbGciOiJFUzI1NiIsInR5cCI6IkpXVCJ9.eyJhcHBJZCI6IjE6MzY3MjY5MDA4OTg2OmFuZHJvaWQ6NzliMWNhNTQ5NTQxMTEyNCIsImV4cCI6MTc2MzU3ODE2NCwiZmlkIjoiZkV6NHlPcklSdmVPbGRLb0s1RVRKdyIsInByb2plY3ROdW1iZXIiOjM2NzI2OTAwODk4Nn0.AB2LPV8wRAIgY9DEJhCGswm8Mk6FH49TVmUFensb-pot3QREBwW8ZzcCIFFdclRxmDNX9ULnAbcfFlVjmsHjaUl_PVizLlDNsT9m","TokenCreationEpochInSecs":1762973364,"ExpiresInSecs":604800}